IMG_37,train,115
IMG_394,train,107
IMG_115,train,70
IMG_136,train,174
IMG_93,train,20
IMG_269,train,146
IMG_268,train,34
IMG_236,train,37
IMG_140,train,165
IMG_253,train,45
IMG_174,train,173
IMG_108,train,209
IMG_128,train,41
IMG_339,train,35
IMG_111,train,146
IMG_375,train,73
IMG_194,train,412
IMG_285,train,26
IMG_4,train,291
IMG_378,train,80
IMG_45,train,30
IMG_336,train,109
IMG_252,train,83
IMG_299,train,59
IMG_40,train,84
IMG_250,train,136
IMG_12,train,100
IMG_216,train,169
IMG_367,train,84
IMG_227,train,267
IMG_46,train,85
IMG_373,train,23
IMG_245,train,65
IMG_320,train,148
IMG_240,train,68
IMG_95,train,67
IMG_55,train,211
IMG_123,train,155
IMG_7,train,118
IMG_215,train,85
IMG_341,train,68
IMG_368,train,130
IMG_5,train,96
IMG_309,train,54
IMG_83,train,54
IMG_255,train,12
IMG_372,train,125
IMG_280,train,359
IMG_67,train,175
IMG_39,train,335
IMG_180,train,65
IMG_169,train,109
IMG_226,train,94
IMG_258,train,102
IMG_44,train,156
IMG_231,train,414
IMG_365,train,75
IMG_157,train,261
IMG_282,train,261
IMG_21,train,151
IMG_114,train,87
IMG_187,train,125
IMG_30,train,287
IMG_121,train,42
IMG_271,train,175
IMG_383,train,51
IMG_203,train,344
IMG_314,train,26
IMG_20,train,90
IMG_38,train,65
IMG_370,train,106
IMG_338,train,96
IMG_193,train,219
IMG_101,train,83
IMG_15,train,238
IMG_324,train,178
IMG_247,train,142
IMG_275,train,134
IMG_301,train,87
IMG_254,train,252
IMG_56,train,144
IMG_167,train,205
IMG_232,train,33
IMG_61,train,28
IMG_302,train,82
IMG_398,train,62
IMG_311,train,143
IMG_109,train,89
IMG_329,train,136
IMG_214,train,205
IMG_273,train,74
IMG_262,train,47
IMG_149,train,111
IMG_355,train,19
IMG_177,train,96
IMG_104,train,31
IMG_399,train,169
IMG_333,train,33
IMG_26,train,81
IMG_396,train,28
IMG_49,train,201
IMG_305,train,152
IMG_199,train,120
IMG_353,train,88
IMG_386,train,159
IMG_68,train,114
IMG_382,train,85
IMG_117,train,281
IMG_97,train,283
IMG_41,train,101
IMG_310,train,58
IMG_290,train,78
IMG_217,train,78
IMG_152,train,40
IMG_134,train,151
IMG_8,train,99
IMG_110,train,31
IMG_35,train,21
IMG_166,train,103
IMG_312,train,114
IMG_87,train,38
IMG_74,train,46
IMG_276,train,26
IMG_52,train,23
IMG_347,train,32
IMG_132,train,118
IMG_176,train,281
IMG_173,train,42
IMG_179,train,45
IMG_24,train,104
IMG_146,train,96
IMG_328,train,27
IMG_400,train,61
IMG_22,train,50
IMG_91,train,36
IMG_354,train,159
IMG_377,train,95
IMG_154,train,414
IMG_325,train,55
IMG_159,train,136
IMG_178,train,61
IMG_164,train,122
IMG_208,train,168
IMG_82,train,30
IMG_113,train,106
IMG_70,train,70
IMG_323,train,54
IMG_278,train,30
IMG_342,train,157
IMG_319,train,55
IMG_161,train,49
IMG_96,train,304
IMG_120,train,28
IMG_170,train,150
IMG_321,train,166
IMG_2,train,152
IMG_294,train,47
IMG_207,train,188
IMG_362,train,79
IMG_204,train,95
IMG_211,train,33
IMG_306,train,141
IMG_192,train,64
IMG_390,train,45
IMG_165,train,27
IMG_63,train,191
IMG_345,train,77
IMG_163,train,166
IMG_89,train,211
IMG_103,train,151
IMG_228,train,118
IMG_284,train,247
IMG_99,train,355
IMG_183,train,116
IMG_175,train,378
IMG_66,train,61
IMG_300,train,190
IMG_387,train,88
IMG_85,train,47
IMG_241,train,234
IMG_223,train,347
IMG_142,train,146
IMG_222,train,576
IMG_19,train,43
IMG_36,train,32
IMG_73,train,41
IMG_144,train,26
IMG_81,train,153
IMG_213,train,36
IMG_379,train,168
IMG_18,train,178
IMG_25,train,166
IMG_105,train,129
IMG_344,train,71
IMG_363,train,80
IMG_59,train,25
IMG_135,train,42
IMG_260,train,161
IMG_29,train,90
IMG_106,train,132
IMG_28,train,96
IMG_77,train,217
IMG_195,train,29
IMG_221,train,112
IMG_279,train,63
IMG_322,train,55
IMG_130,train,50
IMG_139,train,58
IMG_185,train,136
IMG_307,train,106
IMG_6,train,36
IMG_50,train,185
IMG_126,train,107
IMG_32,train,56
IMG_234,train,54
IMG_229,train,77
IMG_308,train,161
IMG_371,train,108
IMG_86,train,22
IMG_202,train,167
IMG_43,train,266
IMG_230,train,141
IMG_265,train,32
IMG_225,train,80
IMG_138,train,104
IMG_145,train,188
IMG_346,train,87
IMG_10,train,229
IMG_9,train,167
IMG_332,train,15
IMG_64,train,157
IMG_392,train,94
IMG_270,train,55
IMG_69,train,53
IMG_112,train,90
IMG_212,train,108
IMG_100,train,206
IMG_65,train,114
IMG_23,train,154
IMG_218,train,118
IMG_47,train,94
IMG_327,train,130
IMG_274,train,78
IMG_147,train,318
IMG_172,train,142
IMG_184,train,81
IMG_326,train,35
IMG_356,train,200
IMG_171,train,15
IMG_125,train,28
IMG_80,train,87
IMG_11,train,139
IMG_251,train,68
IMG_381,train,132
IMG_57,train,39
IMG_75,train,70
IMG_267,train,137
IMG_155,train,148
IMG_256,train,53
IMG_31,train,172
IMG_205,train,103
IMG_151,train,161
IMG_244,train,25
IMG_263,train,105
IMG_219,train,50
IMG_315,train,344
IMG_210,train,165
IMG_150,train,99
IMG_248,train,53
IMG_53,train,125
IMG_235,train,28
IMG_209,train,74
IMG_388,train,137
IMG_264,train,29
IMG_296,train,123
IMG_233,train,23
IMG_143,train,30
IMG_391,train,89
IMG_16,train,42
IMG_313,train,41
IMG_340,train,156
IMG_201,train,30
IMG_102,train,27
IMG_374,train,131
IMG_76,train,32
IMG_198,train,120
IMG_351,train,98
IMG_196,train,33
IMG_48,train,89
IMG_277,train,26
IMG_153,train,27
IMG_71,train,35
IMG_224,train,167
IMG_33,train,276
IMG_98,train,250
IMG_79,train,60
IMG_124,train,267
IMG_297,train,273
IMG_246,train,195
IMG_191,train,575
IMG_90,train,84
IMG_162,train,301
IMG_317,train,108
IMG_206,train,46
IMG_220,train,38
IMG_92,train,36
IMG_357,train,63
IMG_384,train,85
IMG_288,train,16
IMG_27,train,195
IMG_200,train,299
IMG_58,train,300
IMG_376,train,50
IMG_380,train,132
IMG_304,train,171
IMG_261,train,35
IMG_352,train,350
IMG_335,train,23
IMG_249,train,60
IMG_116,train,168
IMG_84,train,34
IMG_1,train,233
IMG_359,train,49
IMG_366,train,45
IMG_148,train,282
IMG_3,train,29
IMG_337,train,89
IMG_62,train,268
IMG_239,train,310
IMG_349,train,110
IMG_257,train,203
IMG_286,train,130
IMG_133,train,253
IMG_141,train,151
IMG_259,train,234
IMG_272,train,198
IMG_34,train,97
IMG_122,train,43
IMG_238,train,20
IMG_17,train,49
IMG_358,train,86
IMG_156,train,87
IMG_88,train,14
IMG_364,train,257
IMG_283,train,117
IMG_13,train,117
IMG_291,train,109
IMG_266,train,80
IMG_160,train,153
IMG_397,train,62
IMG_361,train,161
IMG_393,train,191
IMG_14,train,50
IMG_78,train,42
IMG_303,train,296
IMG_129,train,146
IMG_316,train,35
IMG_127,train,53
IMG_293,train,23
IMG_131,train,221
IMG_189,train,90
IMG_197,train,290
IMG_289,train,123
IMG_242,train,49
IMG_181,train,108
IMG_331,train,340
IMG_158,train,12
IMG_295,train,268
IMG_243,train,227
IMG_343,train,264
IMG_395,train,60
IMG_369,train,145
IMG_94,train,27
IMG_188,train,344
IMG_292,train,33
IMG_237,train,105
IMG_137,train,229
IMG_334,train,61
IMG_119,train,302
IMG_42,train,43
IMG_72,train,234
IMG_318,train,86
IMG_389,train,54
IMG_348,train,346
IMG_54,train,138
IMG_281,train,80
IMG_287,train,121
IMG_182,train,105
IMG_51,train,521
IMG_360,train,111
IMG_330,train,153
IMG_190,train,147
IMG_385,train,56
IMG_118,train,59
IMG_60,train,40
IMG_107,train,117
IMG_168,train,243
IMG_350,train,28
IMG_186,train,208
IMG_298,train,47
IMG_37,test,42
IMG_115,test,101
IMG_136,test,122
IMG_93,test,217
IMG_269,test,304
IMG_268,test,79
IMG_236,test,196
IMG_140,test,70
IMG_253,test,132
IMG_174,test,143
IMG_108,test,139
IMG_128,test,32
IMG_111,test,20
IMG_194,test,213
IMG_285,test,54
IMG_4,test,95
IMG_45,test,158
IMG_252,test,31
IMG_299,test,98
IMG_40,test,331
IMG_250,test,24
IMG_12,test,513
IMG_216,test,161
IMG_227,test,96
IMG_46,test,90
IMG_245,test,85
IMG_240,test,94
IMG_95,test,48
IMG_55,test,195
IMG_123,test,55
IMG_7,test,47
IMG_215,test,52
IMG_5,test,82
IMG_309,test,63
IMG_83,test,57
IMG_255,test,49
IMG_280,test,87
IMG_67,test,108
IMG_39,test,48
IMG_180,test,101
IMG_169,test,127
IMG_226,test,94
IMG_258,test,55
IMG_44,test,28
IMG_231,test,79
IMG_157,test,46
IMG_282,test,24
IMG_21,test,89
IMG_114,test,183
IMG_187,test,159
IMG_30,test,51
IMG_121,test,175
IMG_271,test,54
IMG_203,test,187
IMG_314,test,51
IMG_20,test,15
IMG_38,test,89
IMG_193,test,172
IMG_101,test,37
IMG_15,test,57
IMG_247,test,104
IMG_275,test,88
IMG_301,test,33
IMG_254,test,91
IMG_56,test,79
IMG_167,test,167
IMG_232,test,133
IMG_61,test,412
IMG_302,test,79
IMG_311,test,60
IMG_109,test,316
IMG_214,test,138
IMG_273,test,61
IMG_262,test,137
IMG_149,test,147
IMG_177,test,20
IMG_104,test,44
IMG_26,test,38
IMG_49,test,35
IMG_305,test,110
IMG_199,test,88
IMG_68,test,59
IMG_117,test,40
IMG_97,test,107
IMG_41,test,31
IMG_310,test,93
IMG_290,test,119
IMG_217,test,109
IMG_152,test,505
IMG_134,test,120
IMG_8,test,62
IMG_110,test,110
IMG_35,test,166
IMG_166,test,170
IMG_312,test,51
IMG_87,test,54
IMG_74,test,261
IMG_276,test,38
IMG_52,test,26
IMG_132,test,162
IMG_176,test,229
IMG_173,test,104
IMG_179,test,79
IMG_24,test,79
IMG_146,test,61
IMG_22,test,300
IMG_91,test,92
IMG_154,test,465
IMG_159,test,263
IMG_178,test,41
IMG_164,test,122
IMG_208,test,72
IMG_82,test,44
IMG_113,test,48
IMG_70,test,48
IMG_278,test,57
IMG_161,test,48
IMG_96,test,211
IMG_120,test,70
IMG_170,test,298
IMG_2,test,52
IMG_294,test,46
IMG_207,test,106
IMG_204,test,148
IMG_211,test,51
IMG_306,test,230
IMG_192,test,58
IMG_165,test,60
IMG_63,test,60
IMG_163,test,73
IMG_89,test,23
IMG_103,test,57
IMG_228,test,159
IMG_284,test,38
IMG_99,test,113
IMG_183,test,187
IMG_175,test,45
IMG_66,test,176
IMG_300,test,196
IMG_85,test,59
IMG_241,test,89
IMG_223,test,144
IMG_142,test,24
IMG_222,test,154
IMG_19,test,277
IMG_36,test,156
IMG_73,test,91
IMG_144,test,59
IMG_81,test,129
IMG_213,test,284
IMG_18,test,235
IMG_25,test,216
IMG_105,test,227
IMG_59,test,48
IMG_135,test,72
IMG_260,test,53
IMG_29,test,92
IMG_106,test,165
IMG_28,test,61
IMG_77,test,213
IMG_195,test,61
IMG_221,test,74
IMG_279,test,196
IMG_130,test,80
IMG_139,test,147
IMG_185,test,106
IMG_307,test,200
IMG_6,test,195
IMG_50,test,265
IMG_126,test,56
IMG_32,test,44
IMG_234,test,212
IMG_229,test,64
IMG_308,test,47
IMG_86,test,54
IMG_202,test,180
IMG_43,test,106
IMG_230,test,93
IMG_265,test,28
IMG_225,test,265
IMG_138,test,133
IMG_145,test,67
IMG_10,test,181
IMG_9,test,36
IMG_64,test,50
IMG_270,test,142
IMG_69,test,94
IMG_112,test,131
IMG_212,test,139
IMG_100,test,157
IMG_65,test,236
IMG_23,test,240
IMG_218,test,73
IMG_47,test,72
IMG_274,test,200
IMG_147,test,248
IMG_172,test,11
IMG_184,test,184
IMG_171,test,14
IMG_125,test,72
IMG_80,test,470
IMG_11,test,164
IMG_251,test,274
IMG_57,test,79
IMG_75,test,539
IMG_267,test,62
IMG_155,test,167
IMG_256,test,194
IMG_31,test,176
IMG_205,test,57
IMG_151,test,47
IMG_244,test,105
IMG_263,test,95
IMG_219,test,450
IMG_315,test,54
IMG_210,test,33
IMG_150,test,121
IMG_248,test,62
IMG_53,test,48
IMG_235,test,180
IMG_209,test,149
IMG_264,test,36
IMG_296,test,28
IMG_233,test,29
IMG_143,test,251
IMG_16,test,92
IMG_313,test,29
IMG_201,test,131
IMG_102,test,70
IMG_76,test,123
IMG_198,test,9
IMG_196,test,107
IMG_48,test,84
IMG_277,test,67
IMG_153,test,297
IMG_71,test,191
IMG_224,test,142
IMG_33,test,198
IMG_98,test,249
IMG_79,test,90
IMG_124,test,67
IMG_297,test,66
IMG_246,test,376
IMG_191,test,301
IMG_90,test,195
IMG_162,test,54
IMG_206,test,86
IMG_220,test,70
IMG_92,test,63
IMG_288,test,19
IMG_27,test,207
IMG_200,test,48
IMG_58,test,96
IMG_304,test,176
IMG_261,test,184
IMG_249,test,107
IMG_116,test,204
IMG_84,test,54
IMG_1,test,23
IMG_148,test,252
IMG_3,test,61
IMG_62,test,174
IMG_239,test,166
IMG_257,test,131
IMG_286,test,66
IMG_133,test,137
IMG_141,test,35
IMG_259,test,87
IMG_272,test,164
IMG_34,test,41
IMG_122,test,51
IMG_238,test,51
IMG_17,test,71
IMG_156,test,43
IMG_88,test,163
IMG_283,test,226
IMG_13,test,48
IMG_291,test,177
IMG_266,test,59
IMG_160,test,117
IMG_14,test,29
IMG_78,test,282
IMG_303,test,68
IMG_129,test,149
IMG_316,test,429
IMG_127,test,165
IMG_293,test,327
IMG_131,test,117
IMG_189,test,40
IMG_197,test,93
IMG_289,test,45
IMG_242,test,177
IMG_181,test,60
IMG_158,test,91
IMG_295,test,153
IMG_243,test,143
IMG_94,test,52
IMG_188,test,56
IMG_292,test,93
IMG_237,test,323
IMG_137,test,198
IMG_119,test,146
IMG_42,test,41
IMG_72,test,54
IMG_54,test,60
IMG_281,test,146
IMG_287,test,89
IMG_182,test,253
IMG_51,test,190
IMG_190,test,90
IMG_118,test,143
IMG_60,test,34
IMG_107,test,476
IMG_168,test,57
IMG_186,test,104
IMG_298,test,206
