IMG_37,train,417
IMG_115,train,288
IMG_136,train,701
IMG_93,train,273
IMG_269,train,190
IMG_268,train,3138
IMG_236,train,741
IMG_140,train,357
IMG_253,train,975
IMG_174,train,167
IMG_108,train,733
IMG_128,train,1456
IMG_111,train,723
IMG_194,train,296
IMG_285,train,216
IMG_4,train,413
IMG_45,train,760
IMG_252,train,255
IMG_299,train,2164
IMG_40,train,129
IMG_250,train,472
IMG_12,train,554
IMG_216,train,85
IMG_227,train,111
IMG_46,train,799
IMG_245,train,486
IMG_240,train,243
IMG_95,train,556
IMG_55,train,206
IMG_123,train,252
IMG_7,train,1652
IMG_215,train,302
IMG_5,train,585
IMG_83,train,588
IMG_255,train,405
IMG_280,train,248
IMG_67,train,163
IMG_39,train,411
IMG_180,train,468
IMG_169,train,269
IMG_226,train,932
IMG_258,train,820
IMG_44,train,280
IMG_231,train,443
IMG_157,train,33
IMG_282,train,454
IMG_21,train,257
IMG_114,train,259
IMG_187,train,407
IMG_30,train,622
IMG_121,train,156
IMG_271,train,271
IMG_203,train,1956
IMG_20,train,408
IMG_38,train,362
IMG_193,train,123
IMG_101,train,298
IMG_15,train,165
IMG_247,train,588
IMG_275,train,141
IMG_254,train,581
IMG_56,train,629
IMG_167,train,271
IMG_232,train,38
IMG_61,train,88
IMG_109,train,862
IMG_214,train,378
IMG_273,train,363
IMG_262,train,2197
IMG_149,train,2072
IMG_177,train,578
IMG_104,train,360
IMG_26,train,1082
IMG_49,train,493
IMG_199,train,654
IMG_68,train,199
IMG_117,train,358
IMG_97,train,222
IMG_41,train,402
IMG_290,train,209
IMG_217,train,211
IMG_152,train,442
IMG_134,train,960
IMG_8,train,145
IMG_110,train,228
IMG_35,train,652
IMG_166,train,899
IMG_87,train,631
IMG_74,train,424
IMG_276,train,380
IMG_52,train,1140
IMG_132,train,200
IMG_176,train,422
IMG_173,train,402
IMG_179,train,341
IMG_24,train,160
IMG_146,train,284
IMG_22,train,509
IMG_91,train,320
IMG_154,train,211
IMG_159,train,238
IMG_178,train,1156
IMG_164,train,652
IMG_208,train,536
IMG_82,train,239
IMG_113,train,544
IMG_70,train,418
IMG_278,train,141
IMG_161,train,81
IMG_96,train,500
IMG_120,train,2261
IMG_170,train,754
IMG_2,train,707
IMG_294,train,2007
IMG_207,train,131
IMG_204,train,549
IMG_211,train,188
IMG_192,train,77
IMG_165,train,468
IMG_63,train,241
IMG_163,train,456
IMG_89,train,245
IMG_103,train,43
IMG_228,train,183
IMG_284,train,727
IMG_99,train,431
IMG_183,train,600
IMG_175,train,175
IMG_66,train,850
IMG_300,train,388
IMG_85,train,271
IMG_241,train,104
IMG_223,train,274
IMG_142,train,320
IMG_222,train,764
IMG_19,train,707
IMG_36,train,135
IMG_73,train,318
IMG_144,train,777
IMG_81,train,297
IMG_213,train,248
IMG_18,train,280
IMG_25,train,220
IMG_105,train,147
IMG_59,train,261
IMG_135,train,354
IMG_260,train,562
IMG_29,train,623
IMG_106,train,584
IMG_28,train,814
IMG_77,train,139
IMG_195,train,243
IMG_221,train,585
IMG_279,train,166
IMG_130,train,1177
IMG_139,train,212
IMG_185,train,978
IMG_6,train,554
IMG_50,train,2348
IMG_126,train,279
IMG_32,train,237
IMG_234,train,462
IMG_229,train,1321
IMG_86,train,254
IMG_202,train,216
IMG_43,train,240
IMG_230,train,336
IMG_265,train,74
IMG_225,train,476
IMG_138,train,423
IMG_145,train,350
IMG_10,train,920
IMG_9,train,189
IMG_64,train,212
IMG_270,train,262
IMG_69,train,367
IMG_112,train,2672
IMG_212,train,338
IMG_100,train,371
IMG_65,train,427
IMG_23,train,172
IMG_218,train,606
IMG_47,train,371
IMG_274,train,106
IMG_147,train,369
IMG_172,train,321
IMG_184,train,1573
IMG_171,train,1407
IMG_125,train,66
IMG_80,train,203
IMG_11,train,248
IMG_251,train,1205
IMG_57,train,302
IMG_75,train,296
IMG_267,train,1162
IMG_155,train,411
IMG_256,train,39
IMG_31,train,975
IMG_205,train,136
IMG_151,train,987
IMG_244,train,200
IMG_263,train,658
IMG_219,train,426
IMG_210,train,750
IMG_150,train,989
IMG_248,train,400
IMG_53,train,257
IMG_235,train,190
IMG_209,train,545
IMG_264,train,109
IMG_296,train,501
IMG_233,train,312
IMG_143,train,1296
IMG_16,train,161
IMG_201,train,445
IMG_102,train,184
IMG_76,train,686
IMG_198,train,351
IMG_196,train,580
IMG_48,train,753
IMG_277,train,204
IMG_153,train,705
IMG_71,train,554
IMG_224,train,246
IMG_33,train,263
IMG_98,train,314
IMG_79,train,2020
IMG_124,train,752
IMG_297,train,619
IMG_246,train,373
IMG_191,train,393
IMG_90,train,103
IMG_162,train,232
IMG_206,train,311
IMG_220,train,305
IMG_92,train,2650
IMG_288,train,317
IMG_27,train,775
IMG_200,train,99
IMG_58,train,1591
IMG_261,train,129
IMG_249,train,365
IMG_116,train,614
IMG_84,train,2143
IMG_1,train,1546
IMG_148,train,102
IMG_3,train,262
IMG_62,train,643
IMG_239,train,89
IMG_257,train,274
IMG_286,train,195
IMG_133,train,827
IMG_141,train,406
IMG_259,train,159
IMG_272,train,49
IMG_34,train,962
IMG_122,train,466
IMG_238,train,301
IMG_17,train,285
IMG_156,train,728
IMG_88,train,300
IMG_283,train,1427
IMG_13,train,388
IMG_291,train,432
IMG_266,train,341
IMG_160,train,225
IMG_14,train,378
IMG_78,train,115
IMG_129,train,256
IMG_127,train,142
IMG_293,train,385
IMG_131,train,603
IMG_189,train,498
IMG_197,train,460
IMG_289,train,360
IMG_242,train,1535
IMG_181,train,689
IMG_158,train,321
IMG_295,train,687
IMG_243,train,123
IMG_94,train,2230
IMG_188,train,111
IMG_292,train,821
IMG_237,train,985
IMG_137,train,1357
IMG_119,train,216
IMG_42,train,143
IMG_72,train,268
IMG_54,train,507
IMG_281,train,143
IMG_287,train,878
IMG_182,train,402
IMG_51,train,569
IMG_190,train,270
IMG_118,train,1620
IMG_60,train,280
IMG_107,train,121
IMG_168,train,915
IMG_186,train,1655
IMG_298,train,1045
IMG_37,test,195
IMG_115,test,1191
IMG_136,test,102
IMG_93,test,255
IMG_140,test,93
IMG_174,test,129
IMG_108,test,182
IMG_128,test,419
IMG_111,test,452
IMG_4,test,170
IMG_45,test,138
IMG_40,test,236
IMG_12,test,321
IMG_46,test,373
IMG_95,test,190
IMG_55,test,149
IMG_123,test,115
IMG_7,test,568
IMG_5,test,817
IMG_83,test,218
IMG_67,test,192
IMG_39,test,196
IMG_180,test,398
IMG_169,test,218
IMG_44,test,366
IMG_157,test,390
IMG_21,test,717
IMG_114,test,141
IMG_30,test,307
IMG_121,test,1210
IMG_20,test,460
IMG_38,test,717
IMG_101,test,211
IMG_15,test,341
IMG_56,test,349
IMG_167,test,112
IMG_61,test,193
IMG_109,test,379
IMG_149,test,230
IMG_177,test,363
IMG_104,test,1175
IMG_26,test,497
IMG_49,test,511
IMG_68,test,212
IMG_117,test,1603
IMG_97,test,521
IMG_41,test,249
IMG_152,test,277
IMG_134,test,165
IMG_8,test,1326
IMG_110,test,1021
IMG_35,test,567
IMG_166,test,126
IMG_87,test,417
IMG_74,test,855
IMG_52,test,134
IMG_132,test,375
IMG_176,test,213
IMG_173,test,481
IMG_179,test,400
IMG_24,test,553
IMG_146,test,479
IMG_22,test,212
IMG_91,test,101
IMG_154,test,495
IMG_159,test,199
IMG_178,test,549
IMG_164,test,302
IMG_82,test,217
IMG_113,test,66
IMG_70,test,412
IMG_161,test,266
IMG_96,test,246
IMG_120,test,133
IMG_170,test,670
IMG_2,test,1111
IMG_165,test,1581
IMG_63,test,1121
IMG_163,test,162
IMG_89,test,383
IMG_103,test,431
IMG_99,test,242
IMG_175,test,442
IMG_66,test,823
IMG_85,test,97
IMG_142,test,211
IMG_19,test,230
IMG_36,test,1266
IMG_73,test,153
IMG_144,test,262
IMG_81,test,356
IMG_18,test,227
IMG_25,test,243
IMG_105,test,265
IMG_59,test,466
IMG_135,test,72
IMG_29,test,309
IMG_106,test,1232
IMG_28,test,423
IMG_77,test,207
IMG_130,test,921
IMG_139,test,355
IMG_6,test,361
IMG_50,test,997
IMG_126,test,440
IMG_32,test,961
IMG_86,test,579
IMG_43,test,116
IMG_138,test,292
IMG_145,test,261
IMG_10,test,502
IMG_9,test,371
IMG_64,test,287
IMG_69,test,166
IMG_112,test,256
IMG_100,test,389
IMG_65,test,214
IMG_23,test,429
IMG_47,test,316
IMG_147,test,587
IMG_172,test,1171
IMG_171,test,239
IMG_125,test,269
IMG_80,test,157
IMG_11,test,1068
IMG_57,test,356
IMG_75,test,665
IMG_155,test,165
IMG_31,test,250
IMG_151,test,253
IMG_150,test,1303
IMG_53,test,175
IMG_143,test,357
IMG_16,test,416
IMG_102,test,223
IMG_76,test,485
IMG_48,test,384
IMG_153,test,395
IMG_71,test,602
IMG_33,test,475
IMG_98,test,153
IMG_79,test,186
IMG_124,test,226
IMG_90,test,2256
IMG_162,test,219
IMG_92,test,1366
IMG_27,test,760
IMG_58,test,198
IMG_116,test,288
IMG_84,test,122
IMG_1,test,172
IMG_148,test,208
IMG_3,test,297
IMG_62,test,337
IMG_133,test,135
IMG_141,test,475
IMG_34,test,89
IMG_122,test,1153
IMG_17,test,1156
IMG_156,test,199
IMG_88,test,86
IMG_13,test,584
IMG_160,test,121
IMG_14,test,762
IMG_78,test,271
IMG_129,test,298
IMG_127,test,986
IMG_131,test,604
IMG_181,test,216
IMG_158,test,308
IMG_94,test,69
IMG_137,test,489
IMG_119,test,250
IMG_42,test,797
IMG_72,test,589
IMG_54,test,529
IMG_182,test,199
IMG_51,test,297
IMG_118,test,241
IMG_60,test,291
IMG_107,test,289
IMG_168,test,240
